Expected_Coverage_%,Actual_Coverage_%,Calibration_Error
50,50.449999999999996,0.44999999999999574
70,71.35000000000001,1.3500000000000085
80,82.65,2.6500000000000057
90,91.45,1.4500000000000028
95,95.95,0.9500000000000028
99,99.05000000000001,0.05000000000001137
