R²_train,R²_test,RMSE_train,RMSE_test,MAE_test
0.5713458393272286,0.5727217791200581,3.7488902175920407,3.75566633068193,3.0458363571139917
