n_components,PLSR_R2,PCR_R2
1,0.5685160068138729,0.01268421431050304
2,0.569252941938503,0.0708181717316807
3,0.5692718355643971,0.07672494113757855
4,0.5692716544267037,0.33880534612183133
5,0.5692716498570178,0.35824656074125705
6,0.5692716499285956,0.3593747574356745
7,0.569271649920806,0.36484094361311026
8,0.56927164992043,0.36608852528036606
9,0.5692716499204314,0.39711404140986994
10,0.5692716499204314,0.5727222768007441
