Feature,VIP
GDP_Fucose_uM,1.9308426189542796
Temperature_C,1.6797767493984985
Mn_uM,1.1732129363388806
pCO2_mmHg,0.8828014083964508
Lactate_g_per_L,0.6860716562310845
DO_pct,0.6614123991313899
Osmolality_mOsm,0.43947746203652766
Uridine_mM,0.33638819216643395
VCD_1e6_per_mL,0.28219683301621534
pH,0.018350616079082217
