R²_train,R²_test,RMSE_train,RMSE_test,MAE_test,OOB_score
0.9573786435392689,0.6589736564279745,1.183613289660801,2.8755362059056946,2.1981553490081716,0.7158651194789614
