R²_train,R²_test,RMSE_train,RMSE_test,MAE_test
0.6339998151925061,0.5098268121777496,3.4684612864319164,3.447463301847775,2.8547676419154886
