Feature,VIP
GDP_Fucose_uM,1.9171132514827718
Temperature_C,1.7637127961796353
Mn_uM,1.1976924122744421
pCO2_mmHg,0.76667092471865
DO_pct,0.5906135191302077
VCD_1e6_per_mL,0.5233097775559752
Lactate_g_per_L,0.4494882505317422
Uridine_mM,0.3840489561347715
Osmolality_mOsm,0.35487010402647867
pH,0.3059395386045043
