sample_idx,predicted,actual,0.05 < GDP_Fucose_uM <= 0.91,Uridine_mM <= -0.94,-0.90 < Mn_uM <= -0.05,0.05 < pH <= 0.87,-0.82 < pCO2_mmHg <= -0.01,Lactate_g_per_L > 0.88,-0.88 < Temperature_C <= 0.07,-0.07 < VCD_1e6_per_mL <= 0.92,-0.77 < DO_pct <= -0.02,0.02 < Osmolality_mOsm <= 0.74,GDP_Fucose_uM > 0.91,DO_pct > 0.81,-0.05 < Mn_uM <= 0.90,VCD_1e6_per_mL > 0.92,pH > 0.87,-0.01 < Lactate_g_per_L <= 0.88,GDP_Fucose_uM <= -0.87,Temperature_C > 0.83,Mn_uM <= -0.90,pCO2_mmHg > 0.89,VCD_1e6_per_mL <= -0.87,-0.02 < DO_pct <= 0.81,-0.89 < Lactate_g_per_L <= -0.01,-0.94 < Uridine_mM <= 0.11,0.07 < Temperature_C <= 0.83,DO_pct <= -0.77,Osmolality_mOsm <= -0.88,Lactate_g_per_L <= -0.89,0.11 < Uridine_mM <= 0.88,pCO2_mmHg <= -0.82,pH <= -0.88,Uridine_mM > 0.88,-0.88 < Osmolality_mOsm <= 0.02
0,87.0388,84.81299146727477,2.672621027507105,-1.1784731614017634,-1.173483363513479,1.0972371382149229,0.9093854174951616,-0.7863726649554715,-0.6587349547893763,0.6041684291627694,-0.5409418692675781,-0.19740677079091704,,,,,,,,,,,,,,,,,,,,,,,
1,86.941696,87.76670919035793,,-1.2045644878360473,,,0.5476390281453906,,-0.7435568404784981,,,-0.020213828681663056,3.961322749218255,1.601721374045991,1.1628500068702292,1.0265258637437489,-0.4469301793999497,-0.12707035060852723,,,,,,,,,,,,,,,,,
2,79.365456,82.30102878874591,,,,1.2535310069525634,,,,,,-0.33749374875697535,,,,,,,-5.623548571688982,3.3214407593653226,-2.958892869126896,-2.362841106934557,-0.9112686797381644,0.5591484575391875,0.36515419325921056,-0.2012936094393185,,,,,,,,,
3,79.98093,89.45583863186457,,,,,0.5944919142969727,,,,,,,,,,-0.7730841486686406,,-5.63813345960581,,-3.0795188136179736,,-1.0593765791196548,,,,2.4952971968127495,-2.0141196208417327,0.9624243258125187,0.7150934942886369,0.576011053347647,,,,
4,84.7825,85.1978547296938,,,,,,,-0.7441570227949412,,,,3.7084488766869166,1.6218263693398252,,,,-0.2086552808801305,,,-3.0123984204135517,,-0.7987060861657905,,,,,,,,,2.2284486676449906,-1.5995266171770626,0.8340909779750464,0.3263852558491115
