R²_train,R²_test,RMSE_train,RMSE_test,MAE_test
0.719521354794707,0.16360580214717646,3.03630992781278,4.5032948349964235,3.573049499898638
