sample_idx,predicted,actual,Mn_uM <= -0.87,0.01 < pH <= 0.86,Lactate_g_per_L <= -0.87,Osmolality_mOsm <= -0.89,-0.85 < pCO2_mmHg <= 0.01,Uridine_mM > 0.85,-0.01 < DO_pct <= 0.87,0.01 < VCD_1e6_per_mL <= 0.87,-0.86 < Temperature_C <= 0.01,-0.87 < GDP_Fucose_uM <= -0.00,GDP_Fucose_uM > 0.85,Temperature_C > 0.88,Mn_uM > 0.88,pCO2_mmHg > 0.87,pH > 0.86,Lactate_g_per_L > 0.86,Osmolality_mOsm > 0.89,Uridine_mM <= -0.86,VCD_1e6_per_mL > 0.87,-0.87 < DO_pct <= -0.01,Temperature_C <= -0.86,-0.00 < GDP_Fucose_uM <= 0.85,pCO2_mmHg <= -0.85,DO_pct <= -0.87,GDP_Fucose_uM <= -0.87,0.01 < Temperature_C <= 0.88,-0.87 < pH <= 0.01,0.01 < pCO2_mmHg <= 0.87,0.01 < Lactate_g_per_L <= 0.86,-0.89 < Osmolality_mOsm <= 0.02,-0.86 < Uridine_mM <= 0.00,-0.87 < VCD_1e6_per_mL <= 0.01
0,91.36583,87.98351280152981,-2.409141209651037,2.2518485127813235,1.4080192409535992,1.3273008358195355,0.640016449565779,0.6287370728156767,0.49503367074943033,0.3477352010241479,0.24357353678767552,0.055251387855443895,,,,,,,,,,,,,,,,,,,,,,
1,91.82795,93.60445854369766,,,,,,,,,,,3.150809753951452,2.6086544089136368,2.4437384188950064,-2.0203740631717744,-1.448938086925609,-1.3987266650219448,-1.2693908085591117,-0.9793723513217815,0.7031673570955125,-0.6140097941730537,,,,,,,,,,,,
2,82.28149,85.59195367249221,-2.6735303631060066,1.9881922867773423,,,,0.7754483514631236,,,,,,,,,,-1.4117366590814626,-1.2320106156394972,,0.6027429367569709,,-5.611456880412235,1.9787558098601163,1.7328352650394137,-1.408690828334131,,,,,,,,
3,84.799324,90.74233588172427,,,,,,,0.34404380825105396,,,,,,2.539169812450903,,,,,-0.9616705146311113,0.5778737193023861,,,,,,-5.094165627202895,2.333286649823275,2.140474974615706,-0.6204945235933692,-0.5608337309286118,0.3398249089882884,,
4,89.81441,90.6412137267724,,,,,,,0.44847439882433576,,,,,,2.683184717989386,-1.78553046945729,-1.381159486501791,,,,,,,2.1272366423011775,,,,2.6761199598436103,,,-0.24155912151945907,0.6006754263052094,-0.4607103323085078,-0.1522718175239369
