R²_train,R²_test,RMSE_train,RMSE_test,MAE_test
0.776895516479558,0.7734597569432615,2.7046019073704137,2.734666078039684,2.2016451197141245
