Feature,MDI_Importance
GDP_Fucose_uM,0.25278922271272675
Temperature_C,0.24898950981087062
pH,0.17339499051408772
Mn_uM,0.10013877130712219
pCO2_mmHg,0.05903220541896432
DO_pct,0.04262839782502907
Lactate_g_per_L,0.04195002774779921
Osmolality_mOsm,0.030232940411720068
Uridine_mM,0.026955651523253004
VCD_1e6_per_mL,0.023888282728427173
