R²_train,R²_test,RMSE_train,RMSE_test,MAE_test,OOB_score
0.9674117058081094,0.7885347097555201,1.0336654851871674,2.642111667030815,2.1307861690290846,0.7777994557995376
