Model,R²_test,RMSE_test,MAE_test,CV_R²,CV_R²_std,n_features
Raw Features Only,0.8236224693928091,2.4129773837496042,1.9333197722013977,0.8107611998785424,0.006404072741965835,10
Engineered Only,0.6155164976975969,3.562628002675969,2.821218393796132,0.6103918030572437,0.00462778791756313,5
Hybrid (Raw + Engineered),0.8237368380413097,2.4121949322873766,1.9358621976380688,0.8159123826804798,0.006267160850264904,15
