R²_train,R²_test,RMSE_train,RMSE_test,MAE_test
0.8817489297037451,0.8267543844143725,1.969027316154446,2.391457948854213,1.9268140203807398
