R²_train,R²_test,RMSE_train,RMSE_test,MAE_test
0.993724318839053,0.7431404483659322,0.45417856580170546,2.4955871223064374,1.942593588321672
